u,s,e,r,_,i,d,",", ,f,i,r,s,t,_,n,a,m,e,",", ,l,a,s,t,_,n,a,m,e,",", ,b,i,r,t,h,t,s,",", ,i,m,g,_,p,a,t,h,"
"
1,0,0,0,",",R,o,s,a,",", ,G,a,r,c,i,a,",", ,6,7,0,6,2,6,0,0,0,0,0,0,",",0,2,-,s,r,c,-,d,a,t,a,\,1,0,0,1,.,p,n,g
1,0,0,1,",",N,a,t,h,a,n,",", ,E,m,e,r,y,",", ,6,9,7,2,3,7,2,0,0,0,0,0,",",0,2,-,s,r,c,-,d,a,t,a,\,1,0,0,2,.,p,n,g
1,0,0,2,",",V,e,r,n,o,n,",", ,E,v,a,n,s,",", ,6,3,3,7,3,3,2,0,0,0,0,0,",",0,2,-,s,r,c,-,d,a,t,a,\,1,0,0,3,.,p,n,g
1,0,0,3,",",M,a,r,i,a,",", ,C,r,o,o,k,s,",", ,1,0,5,1,2,1,4,4,0,0,0,0,0,",",0,2,-,s,r,c,-,d,a,t,a,\,1,0,0,4,.,p,n,g
1,0,0,4,",",S,h,a,r,o,n,",", ,L,a,n,g,",", ,7,0,0,6,0,6,8,0,0,0,0,0,",",0,2,-,s,r,c,-,d,a,t,a,\,1,0,0,5,.,p,n,g
1,0,0,5,",",R,i,c,k,",", ,M,a,y,f,i,e,l,d,",", ,4,1,2,5,4,9,2,0,0,0,0,0,",",0,2,-,s,r,c,-,d,a,t,a,\,1,0,0,6,.,p,n,g
1,0,0,6,",",E,d,d,i,e,",", ,B,a,u,m,b,a,c,h,",", ,8,7,4,5,2,6,4,0,0,0,0,0,",",0,2,-,s,r,c,-,d,a,t,a,\,1,0,0,7,.,p,n,g
1,0,0,7,",",C,o,l,e,t,t,a,",", ,H,a,r,i,n,g,",", ,7,6,8,0,8,1,6,0,0,0,0,0,",",0,2,-,s,r,c,-,d,a,t,a,\,1,0,0,8,.,p,n,g
1,0,0,8,",",M,a,r,g,a,r,e,t,",", ,S,m,i,t,h,",", ,3,8,8,6,1,2,8,0,0,0,0,0,",",0,2,-,s,r,c,-,d,a,t,a,\,1,0,0,9,.,p,n,g
1,0,0,9,",",J,a,m,e,s,",", ,M,a,r,t,i,n,",", ,8,7,9,6,2,7,6,0,0,0,0,0,",",0,2,-,s,r,c,-,d,a,t,a,\,1,0,1,0,.,p,n,g
1,0,1,0,",",G,l,e,n,",", ,M,a,r,t,i,n,",", ,6,3,6,0,6,6,0,0,0,0,0,0,",",0,2,-,s,r,c,-,d,a,t,a,\,1,0,1,1,.,p,n,g
1,0,1,1,",",D,e,b,b,i,e,",", ,M,o,o,n,e,y,",", ,4,2,3,0,8,6,4,0,0,0,0,0,",",0,2,-,s,r,c,-,d,a,t,a,\,1,0,1,2,.,p,n,g
1,0,1,2,",",S,h,a,n,e,k,a,",", ,C,o,o,k,",", ,7,5,2,5,3,3,2,0,0,0,0,0,",",0,2,-,s,r,c,-,d,a,t,a,\,1,0,1,3,.,p,n,g
1,0,1,3,",",K,i,m,",", ,M,o,o,r,e,",", ,4,0,3,2,1,8,0,0,0,0,0,0,",",0,2,-,s,r,c,-,d,a,t,a,\,1,0,1,4,.,p,n,g
1,0,1,4,",",L,o,r,r,a,i,n,e,",", ,B,i,n,g,h,a,m,",", ,8,9,1,2,8,8,0,0,0,0,0,0,",",0,2,-,s,r,c,-,d,a,t,a,\,1,0,1,5,.,p,n,g
1,0,1,5,",",B,e,t,t,y,",", ,P,a,r,t,i,n,",", ,4,6,7,2,4,0,4,0,0,0,0,0,",",0,2,-,s,r,c,-,d,a,t,a,\,1,0,1,6,.,p,n,g
1,0,1,6,",",L,e,w,i,s,",", ,E,r,i,c,k,s,o,n,",", ,6,4,2,2,8,3,2,0,0,0,0,0,",",0,2,-,s,r,c,-,d,a,t,a,\,1,0,1,7,.,p,n,g
1,0,1,7,",",J,e,n,e,e,",", ,C,r,o,u,s,e,",", ,4,2,9,5,6,6,4,0,0,0,0,0,",",0,2,-,s,r,c,-,d,a,t,a,\,1,0,1,8,.,p,n,g
1,0,1,8,",",W,e,n,d,y,",", ,J,a,r,r,e,t,t,e,",", ,6,5,0,1,4,5,6,0,0,0,0,0,",",0,2,-,s,r,c,-,d,a,t,a,\,1,0,1,9,.,p,n,g
1,0,1,9,",",B,e,c,k,y,",", ,H,a,n,n,e,r,",", ,8,8,3,4,2,9,2,0,0,0,0,0,",",0,2,-,s,r,c,-,d,a,t,a,\,1,0,2,0,.,p,n,g
1,0,2,0,",",R,a,y,",", ,N,u,n,e,s,",", ,3,5,2,5,0,1,2,0,0,0,0,0,",",0,2,-,s,r,c,-,d,a,t,a,\,1,0,2,1,.,p,n,g
1,0,2,1,",",J,o,h,n,",", ,R,o,s,e,",", ,9,1,9,6,3,0,8,0,0,0,0,0,",",0,2,-,s,r,c,-,d,a,t,a,\,1,0,2,2,.,p,n,g
1,0,2,2,",",M,i,c,h,a,e,l,",", ,D,i,a,z,",", ,6,3,0,2,7,7,2,0,0,0,0,0,",",0,2,-,s,r,c,-,d,a,t,a,\,1,0,2,3,.,p,n,g
1,0,2,3,",",W,i,l,l,i,a,m,",", ,Q,u,i,c,k,",", ,3,4,0,0,5,9,6,0,0,0,0,0,",",0,2,-,s,r,c,-,d,a,t,a,\,1,0,2,4,.,p,n,g
1,0,2,4,",",D,i,n,o,",", ,M,i,l,l,e,r,",", ,1,0,7,4,8,0,5,2,0,0,0,0,0,",",0,2,-,s,r,c,-,d,a,t,a,\,1,0,2,5,.,p,n,g
1,0,2,5,",",J,a,m,e,s,",", ,H,e,n,r,y,",", ,9,5,4,7,0,5,6,0,0,0,0,0,",",0,2,-,s,r,c,-,d,a,t,a,\,1,0,2,6,.,p,n,g
1,0,2,6,",",G,r,e,g,o,r,y,",", ,P,i,t,t,m,a,n,",", ,3,9,8,8,9,4,4,0,0,0,0,0,",",0,2,-,s,r,c,-,d,a,t,a,\,1,0,2,7,.,p,n,g
1,0,2,7,",",M,a,r,t,h,a,",", ,B,u,r,w,e,l,l,",", ,5,0,3,2,6,9,2,0,0,0,0,0,",",0,2,-,s,r,c,-,d,a,t,a,\,1,0,2,8,.,p,n,g
1,0,2,8,",",J,i,m,m,y,",", ,D,e,a,n,e,",", ,9,4,7,3,6,5,2,0,0,0,0,0,",",0,2,-,s,r,c,-,d,a,t,a,\,1,0,2,9,.,p,n,g
1,0,2,9,",",K,a,t,h,l,e,e,n,",", ,G,i,t,t,e,n,s,",", ,9,2,1,2,7,2,4,0,0,0,0,0,",",0,2,-,s,r,c,-,d,a,t,a,\,1,0,3,0,.,p,n,g
1,0,3,0,",",S,i,d,n,e,y,",", ,W,o,o,d,s,",", ,8,6,5,9,7,2,8,0,0,0,0,0,",",0,2,-,s,r,c,-,d,a,t,a,\,1,0,3,1,.,p,n,g
1,0,3,1,",",R,o,b,e,r,t,",", ,D,a,v,i,d,",", ,6,6,6,9,9,7,2,0,0,0,0,0,",",0,2,-,s,r,c,-,d,a,t,a,\,1,0,3,2,.,p,n,g
1,0,3,2,",",J,e,a,n,n,e,",", ,S,h,o,u,p,",", ,1,0,1,8,4,6,8,8,0,0,0,0,0,",",0,2,-,s,r,c,-,d,a,t,a,\,1,0,3,3,.,p,n,g
1,0,3,3,",",B,r,e,n,d,a,",", ,C,r,o,y,l,e,",", ,7,8,8,3,0,2,8,0,0,0,0,0,",",0,2,-,s,r,c,-,d,a,t,a,\,1,0,3,4,.,p,n,g
1,0,3,4,",",A,d,o,l,p,h,",", ,R,a,y,m,o,n,d,",", ,9,5,5,9,1,5,2,0,0,0,0,0,",",0,2,-,s,r,c,-,d,a,t,a,\,1,0,3,5,.,p,n,g
1,0,3,5,",",E,l,l,e,n,",", ,F,o,l,k,e,r,s,",", ,8,2,1,3,9,4,0,0,0,0,0,0,",",0,2,-,s,r,c,-,d,a,t,a,\,1,0,3,6,.,p,n,g
1,0,3,6,",",P,a,t,r,i,c,k,",", ,N,e,w,e,l,l,",", ,8,5,3,7,9,4,0,0,0,0,0,0,",",0,2,-,s,r,c,-,d,a,t,a,\,1,0,3,7,.,p,n,g
1,0,3,7,",",M,a,r,y,",", ,R,o,m,a,n,",", ,7,5,0,8,9,1,6,0,0,0,0,0,",",0,2,-,s,r,c,-,d,a,t,a,\,1,0,3,8,.,p,n,g
1,0,3,8,",",D,a,n,i,e,l,l,e,",", ,R,o,b,i,n,s,o,n,",", ,8,8,7,2,3,0,8,0,0,0,0,0,",",0,2,-,s,r,c,-,d,a,t,a,\,1,0,3,9,.,p,n,g
1,0,3,9,",",C,l,a,r,a,",", ,K,i,m,b,l,e,",", ,7,6,5,4,0,3,2,0,0,0,0,0,",",0,2,-,s,r,c,-,d,a,t,a,\,1,0,4,0,.,p,n,g
1,0,4,0,",",D,a,v,i,d,",", ,B,a,i,l,e,y,",", ,1,0,6,2,4,4,6,4,0,0,0,0,0,",",0,2,-,s,r,c,-,d,a,t,a,\,1,0,4,1,.,p,n,g
1,0,4,1,",",J,a,m,e,s,",", ,N,a,n,c,e,",", ,1,0,6,3,0,5,1,2,0,0,0,0,0,",",0,2,-,s,r,c,-,d,a,t,a,\,1,0,4,2,.,p,n,g
1,0,4,2,",",J,o,h,n,",", ,R,a,m,a,g,e,",", ,3,7,8,5,0,7,6,0,0,0,0,0,",",0,2,-,s,r,c,-,d,a,t,a,\,1,0,4,3,.,p,n,g
1,0,4,3,",",C,h,r,i,s,t,o,p,h,e,r,",", ,H,a,r,d,i,n,",", ,7,8,5,8,8,3,6,0,0,0,0,0,",",0,2,-,s,r,c,-,d,a,t,a,\,1,0,4,4,.,p,n,g
1,0,4,4,",",S,u,z,a,n,n,e,",", ,F,e,r,g,u,s,o,n,",", ,8,1,2,5,8,1,2,0,0,0,0,0,",",0,2,-,s,r,c,-,d,a,t,a,\,1,0,4,5,.,p,n,g
1,0,4,5,",",M,a,r,g,a,r,e,t,",", ,D,i,a,z,",", ,9,4,2,8,7,2,4,0,0,0,0,0,",",0,2,-,s,r,c,-,d,a,t,a,\,1,0,4,6,.,p,n,g
1,0,4,6,",",K,e,n,n,e,t,h,",", ,O,s,b,o,r,n,",", ,7,9,3,9,1,8,8,0,0,0,0,0,",",0,2,-,s,r,c,-,d,a,t,a,\,1,0,4,7,.,p,n,g
1,0,4,7,",",L,a,r,r,y,",", ,S,a,n,c,h,e,z,",", ,1,0,6,8,9,3,0,0,0,0,0,0,0,",",0,2,-,s,r,c,-,d,a,t,a,\,1,0,4,8,.,p,n,g
1,0,4,8,",",B,r,i,a,n,",", ,B,r,o,w,n,",", ,8,1,4,0,5,0,0,0,0,0,0,0,",",0,2,-,s,r,c,-,d,a,t,a,\,1,0,4,9,.,p,n,g
1,0,4,9,",",W,a,r,r,e,n,",", ,G,r,e,e,n,",", ,4,4,3,0,4,8,4,0,0,0,0,0,",",0,2,-,s,r,c,-,d,a,t,a,\,1,0,5,0,.,p,n,g
1,0,5,0,",",J,a,n,e,t,",", ,C,h,a,v,a,r,r,i,a,",", ,1,0,8,7,5,8,8,8,0,0,0,0,0,",",0,2,-,s,r,c,-,d,a,t,a,\,1,0,5,1,.,p,n,g
1,0,5,1,",",C,a,r,o,l,y,n,",", ,S,e,y,m,o,r,e,",", ,3,8,5,8,5,1,6,0,0,0,0,0,",",0,2,-,s,r,c,-,d,a,t,a,\,1,0,5,2,.,p,n,g
1,0,5,2,",",D,o,r,o,t,h,y,",", ,M,a,s,s,e,y,",", ,3,5,6,9,9,0,4,0,0,0,0,0,",",0,2,-,s,r,c,-,d,a,t,a,\,1,0,5,3,.,p,n,g
1,0,5,3,",",M,e,l,i,s,s,a,",", ,D,e,n,n,y,",", ,4,8,2,0,1,1,2,0,0,0,0,0,",",0,2,-,s,r,c,-,d,a,t,a,\,1,0,5,4,.,p,n,g
1,0,5,4,",",J,a,c,l,y,n,",", ,A,d,a,m,s,",", ,6,1,4,6,3,5,2,0,0,0,0,0,",",0,2,-,s,r,c,-,d,a,t,a,\,1,0,5,5,.,p,n,g
1,0,5,5,",",F,r,a,n,c,e,s,",", ,V,i,s,h,e,r,",", ,9,0,6,5,8,0,8,0,0,0,0,0,",",0,2,-,s,r,c,-,d,a,t,a,\,1,0,5,6,.,p,n,g
1,0,5,6,",",C,h,a,d,",", ,M,i,l,l,e,r,",", ,9,7,1,2,0,8,0,0,0,0,0,0,",",0,2,-,s,r,c,-,d,a,t,a,\,1,0,5,7,.,p,n,g
1,0,5,7,",",O,l,i,v,i,a,",", ,S,t,o,u,t,",", ,6,9,0,6,7,4,4,0,0,0,0,0,",",0,2,-,s,r,c,-,d,a,t,a,\,1,0,5,8,.,p,n,g
1,0,5,8,",",W,a,l,l,a,c,e,",", ,M,i,l,l,e,r,",", ,8,2,1,1,3,4,8,0,0,0,0,0,",",0,2,-,s,r,c,-,d,a,t,a,\,1,0,5,9,.,p,n,g
1,0,5,9,",",J,u,d,i,t,h,",", ,H,a,t,c,h,e,t,t,",", ,9,2,5,0,7,0,4,0,0,0,0,0,",",0,2,-,s,r,c,-,d,a,t,a,\,1,0,6,0,.,p,n,g
1,0,6,0,",",M,a,d,e,l,y,n,",", ,O,l,i,v,e,r,",", ,9,3,6,9,0,7,2,0,0,0,0,0,",",0,2,-,s,r,c,-,d,a,t,a,\,1,0,6,1,.,p,n,g
1,0,6,1,",",R,o,b,e,r,t,",", ,K,i,r,k,",", ,5,0,6,5,5,2,4,0,0,0,0,0,",",0,2,-,s,r,c,-,d,a,t,a,\,1,0,6,2,.,p,n,g
1,0,6,2,",",S,t,e,p,h,a,n,i,e,",", ,N,e,l,s,o,n,",", ,4,7,6,5,7,1,6,0,0,0,0,0,",",0,2,-,s,r,c,-,d,a,t,a,\,1,0,6,3,.,p,n,g
1,0,6,3,",",B,a,r,b,a,r,a,",", ,B,l,a,n,k,e,n,s,h,i,p,",", ,6,5,5,5,0,6,0,0,0,0,0,0,",",0,2,-,s,r,c,-,d,a,t,a,\,1,0,6,4,.,p,n,g
1,0,6,4,",",M,a,t,t,h,e,w,",", ,B,l,o,o,m,",", ,5,3,1,1,7,6,4,0,0,0,0,0,",",0,2,-,s,r,c,-,d,a,t,a,\,1,0,6,5,.,p,n,g
1,0,6,5,",",J,e,f,f,r,e,y,",", ,M,c,d,o,n,a,l,d,",", ,6,8,6,0,9,1,6,0,0,0,0,0,",",0,2,-,s,r,c,-,d,a,t,a,\,1,0,6,6,.,p,n,g
1,0,6,6,",",J,o,s,e,p,h,",", ,C,a,r,t,e,r,",", ,1,0,8,1,7,1,3,6,0,0,0,0,0,",",0,2,-,s,r,c,-,d,a,t,a,\,1,0,6,7,.,p,n,g
1,0,6,7,",",E,l,o,y,",", ,F,l,o,r,e,n,t,i,n,o,",", ,8,4,8,0,0,5,2,0,0,0,0,0,",",0,2,-,s,r,c,-,d,a,t,a,\,1,0,6,8,.,p,n,g
1,0,6,8,",",D,a,v,i,d,",", ,M,y,l,e,s,",", ,4,3,2,6,7,6,8,0,0,0,0,0,",",0,2,-,s,r,c,-,d,a,t,a,\,1,0,6,9,.,p,n,g
1,0,6,9,",",E,l,i,z,a,b,e,t,h,",", ,H,o,o,v,e,r,",", ,3,3,4,7,0,2,8,0,0,0,0,0,",",0,2,-,s,r,c,-,d,a,t,a,\,1,0,7,0,.,p,n,g
1,0,7,0,",",J,e,r,o,m,e,",", ,W,e,a,v,e,r,",", ,1,0,0,8,7,9,5,6,0,0,0,0,0,",",0,2,-,s,r,c,-,d,a,t,a,\,1,0,7,1,.,p,n,g
1,0,7,1,",",M,o,r,r,i,s,",", ,H,a,l,l,",", ,4,0,7,0,1,9,6,0,0,0,0,0,",",0,2,-,s,r,c,-,d,a,t,a,\,1,0,7,2,.,p,n,g
1,0,7,2,",",M,y,r,t,l,e,",", ,F,e,r,r,o,",", ,8,4,0,8,3,0,4,0,0,0,0,0,",",0,2,-,s,r,c,-,d,a,t,a,\,1,0,7,3,.,p,n,g
1,0,7,3,",",G,i,s,e,l,a,",", ,P,a,t,t,e,r,s,o,n,",", ,4,6,4,9,9,0,4,0,0,0,0,0,",",0,2,-,s,r,c,-,d,a,t,a,\,1,0,7,4,.,p,n,g
1,0,7,4,",",S,t,a,c,e,y,",", ,B,i,s,h,o,p,",", ,4,9,3,8,4,8,0,0,0,0,0,0,",",0,2,-,s,r,c,-,d,a,t,a,\,1,0,7,5,.,p,n,g
1,0,7,5,",",R,a,y,",", ,G,o,i,n,s,",", ,9,3,3,4,5,1,2,0,0,0,0,0,",",0,2,-,s,r,c,-,d,a,t,a,\,1,0,7,6,.,p,n,g
1,0,7,6,",",B,l,a,k,e,",", ,D,i,c,k,e,r,s,o,n,",", ,5,0,8,1,0,7,6,0,0,0,0,0,",",0,2,-,s,r,c,-,d,a,t,a,\,1,0,7,7,.,p,n,g
1,0,7,7,",",D,a,v,i,d,",", ,M,a,y,",", ,6,0,1,0,7,4,0,0,0,0,0,0,",",0,2,-,s,r,c,-,d,a,t,a,\,1,0,7,8,.,p,n,g
1,0,7,8,",",C,i,n,d,y,",", ,W,i,l,c,o,x,",", ,1,0,2,1,0,6,0,8,0,0,0,0,0,",",0,2,-,s,r,c,-,d,a,t,a,\,1,0,7,9,.,p,n,g
1,0,7,9,",",M,a,r,y,",", ,N,e,l,s,o,n,",", ,5,1,8,6,4,4,8,0,0,0,0,0,",",0,2,-,s,r,c,-,d,a,t,a,\,1,0,8,0,.,p,n,g
1,0,8,0,",",A,m,y,",", ,S,m,i,t,h,",", ,7,8,5,7,1,0,8,0,0,0,0,0,",",0,2,-,s,r,c,-,d,a,t,a,\,1,0,8,1,.,p,n,g
1,0,8,1,",",J,o,s,e,p,h,",", ,D,e,n,t,o,n,",", ,4,6,3,0,8,9,6,0,0,0,0,0,",",0,2,-,s,r,c,-,d,a,t,a,\,1,0,8,2,.,p,n,g
1,0,8,2,",",K,e,i,t,h,",", ,W,i,g,g,i,n,",", ,4,6,1,7,0,7,2,0,0,0,0,0,",",0,2,-,s,r,c,-,d,a,t,a,\,1,0,8,3,.,p,n,g
1,0,8,3,",",J,o,d,y,",", ,H,o,c,h,m,u,t,h,",", ,7,5,2,4,4,6,8,0,0,0,0,0,",",0,2,-,s,r,c,-,d,a,t,a,\,1,0,8,4,.,p,n,g
1,0,8,4,",",B,e,v,e,r,l,y,",", ,L,i,v,e,s,e,y,",", ,7,3,9,2,2,4,0,0,0,0,0,0,",",0,2,-,s,r,c,-,d,a,t,a,\,1,0,8,5,.,p,n,g
1,0,8,5,",",N,i,c,o,l,e,",", ,P,h,a,r,r,",", ,8,8,4,5,5,2,4,0,0,0,0,0,",",0,2,-,s,r,c,-,d,a,t,a,\,1,0,8,6,.,p,n,g
1,0,8,6,",",A,a,r,o,n,",", ,F,o,x,",", ,1,0,9,0,0,9,4,4,0,0,0,0,0,",",0,2,-,s,r,c,-,d,a,t,a,\,1,0,8,7,.,p,n,g
1,0,8,7,",",R,a,c,h,e,l,",", ,R,o,b,i,n,s,o,n,",", ,5,2,8,1,4,8,8,0,0,0,0,0,",",0,2,-,s,r,c,-,d,a,t,a,\,1,0,8,8,.,p,n,g
1,0,8,8,",",L,e,a,h,",", ,C,o,s,t,a,l,e,s,",", ,1,0,7,2,4,7,2,4,0,0,0,0,0,",",0,2,-,s,r,c,-,d,a,t,a,\,1,0,8,9,.,p,n,g
1,0,8,9,",",T,h,o,m,a,s,",", ,W,i,l,l,i,a,m,s,",", ,9,4,6,5,0,1,2,0,0,0,0,0,",",0,2,-,s,r,c,-,d,a,t,a,\,1,0,9,0,.,p,n,g
1,0,9,0,",",O,p,a,l,",", ,M,o,r,s,e,",", ,4,6,3,7,8,0,8,0,0,0,0,0,",",0,2,-,s,r,c,-,d,a,t,a,\,1,0,9,1,.,p,n,g
1,0,9,1,",",A,l,a,n,",", ,M,c,g,r,a,w,",", ,4,6,9,0,5,4,8,0,0,0,0,0,",",0,2,-,s,r,c,-,d,a,t,a,\,1,0,9,2,.,p,n,g
1,0,9,2,",",A,a,r,o,n,",", ,T,o,w,e,",", ,8,7,7,8,0,9,6,0,0,0,0,0,",",0,2,-,s,r,c,-,d,a,t,a,\,1,0,9,3,.,p,n,g
1,0,9,3,",",C,e,c,i,l,",", ,S,t,r,u,c,k,",", ,4,1,6,4,3,7,2,0,0,0,0,0,",",0,2,-,s,r,c,-,d,a,t,a,\,1,0,9,4,.,p,n,g
1,0,9,4,",",C,o,r,e,y,",", ,D,a,v,i,s,",", ,1,0,5,4,4,1,1,2,0,0,0,0,0,",",0,2,-,s,r,c,-,d,a,t,a,\,1,0,9,5,.,p,n,g
1,0,9,5,",",J,a,m,e,s,",", ,P,e,a,c,o,c,k,",", ,5,0,3,4,4,2,0,0,0,0,0,0,",",0,2,-,s,r,c,-,d,a,t,a,\,1,0,9,6,.,p,n,g
1,0,9,6,",",J,o,h,n,",", ,B,a,u,s,c,h,",", ,1,0,1,3,0,2,9,2,0,0,0,0,0,",",0,2,-,s,r,c,-,d,a,t,a,\,1,0,9,7,.,p,n,g
1,0,9,7,",",M,a,r,i,a,",", ,H,o,r,t,o,n,",", ,7,0,2,5,0,4,0,0,0,0,0,0,",",0,2,-,s,r,c,-,d,a,t,a,\,1,0,9,8,.,p,n,g
1,0,9,8,",",S,a,m,u,e,l,",", ,L,a,d,n,e,r,",", ,8,1,5,2,5,9,6,0,0,0,0,0,",",0,2,-,s,r,c,-,d,a,t,a,\,1,0,9,9,.,p,n,g
1,0,9,9,",",t,e,s,t,",",t,e,s,t,",",t,e,s,t,",",t,e,s,t
